id;file_name;file_path;file_type;content;content_content_type
1;yahoo;yum popularize;before wilted;../fake-data/blob/hipster.png;image/png
2;fast incidentally;utter yippee;request;../fake-data/blob/hipster.png;image/png
3;zowie;woefully until diligently;obvious yippee rectangular;../fake-data/blob/hipster.png;image/png
4;for;absent gee gracefully;suspiciously;../fake-data/blob/hipster.png;image/png
5;bleakly drat;flint;dimly despite;../fake-data/blob/hipster.png;image/png
6;swim apropos;humor sans;abaft off;../fake-data/blob/hipster.png;image/png
7;rare below;outstanding fisherman lest;above passport failing;../fake-data/blob/hipster.png;image/png
8;lest unless queasily;braid aside creative;absent worthy ha;../fake-data/blob/hipster.png;image/png
9;exactly dead private;serialize hence;between preheat;../fake-data/blob/hipster.png;image/png
10;gladly igloo instead;lend inexperienced;joshingly knowledgeably;../fake-data/blob/hipster.png;image/png
